Workbook
Name Slicer_Age_group_Broad: #N/A
Name Slicer_BMI_category1: #N/A
Name Slicer_region: #N/A
Name Slicer_sex: #N/A
Name Slicer_smoker: #N/A

Sheet Sheet9

Sheet Detail1
A1: Details for Average of charges - BMI category : Normal
A3: age | B3: sex | C3: bmi | D3: children | E3: smoker | F3: region | G3: charges | H3: Age group(Broad) | I3: Age Group (Detailed) | J3: BMI category | K3: Charge Band
A4: 23 | B4: Female | C4: 24.985 | D4: 0 | E4: Yes | F4: Northeast | G4: 3704.3545 | H4: Youth | I4: 18-25 | J4: Normal | K4: Low
A5: 23 | B5: Male | C5: 24.985 | D5: 0 | E5: No | F5: Southwest | G5: 3693.428 | H5: Youth | I5: 18-25 | J5: Normal | K5: Low
A6: 23 | B6: Female | C6: 24.97 | D6: 0 | E6: No | F6: Southwest | G6: 3659.346 | H6: Youth | I6: 18-25 | J6: Normal | K6: Low
A7: 23 | B7: Female | C7: 24.89 | D7: 0 | E7: No | F7: Northeast | G7: 3645.0894 | H7: Youth | I7: 18-25 | J7: Normal | K7: Low
A8: 23 | B8: Female | C8: 24.86 | D8: 0 | E8: Yes | F8: Northeast | G8: 3597.596 | H8: Youth | I8: 18-25 | J8: Normal | K8: Low
A9: 23 | B9: Male | C9: 24.86 | D9: 0 | E9: No | F9: Southeast | G9: 3594.1708 | H9: Youth | I9: 18-25 | J9: Normal | K9: Low
A10: 23 | B10: Male | C10: 24.795 | D10: 0 | E10: Yes | F10: Northwest | G10: 3591.48 | H10: Youth | I10: 18-25 | J10: Normal | K10: Low
A11: 23 | B11: Male | C11: 24.795 | D11: 0 | E11: No | F11: Southeast | G11: 3579.8287 | H11: Youth | I11: 18-25 | J11: Normal | K11: Low
A12: 23 | B12: Female | C12: 24.795 | D12: 0 | E12: No | F12: Southeast | G12: 3577.999 | H12: Youth | I12: 18-25 | J12: Normal | K12: Low
A13: 23 | B13: Female | C13: 24.795 | D13: 0 | E13: Yes | F13: Southeast | G13: 3561.8889 | H13: Youth | I13: 18-25 | J13: Normal | K13: Low
A14: 23 | B14: Male | C14: 24.75 | D14: 0 | E14: No | F14: Northwest | G14: 3558.6202 | H14: Youth | I14: 18-25 | J14: Normal | K14: Low
A15: 23 | B15: Male | C15: 24.7 | D15: 0 | E15: No | F15: Southwest | G15: 3556.9223 | H15: Youth | I15: 18-25 | J15: Normal | K15: Low
... A228: 23 | B228: Male | C228: 24.6 | D228: 0 | E228: Yes | F228: Southeast | G228: 3410.324 | H228: Youth | I228: 18-25 | J228: Normal | K228: Low

Sheet Sheet17
A3: BMI category | B3: Average of charges
A4: Obese | B4: 20964.188
A5: Overweight | B5: 6162.7317
A6: Normal | B6: 2447.0474
A7: Underweight | B7: 1203.4332
A8: Grand Total | B8: 13279.121

Sheet Sheet16
A1: age | B1: sex | C1: bmi | D1: children | E1: smoker | F1: region | G1: charges | H1: Age group(Broad) | I1: Age Group (Detailed) | J1: BMI category | K1: Charge Band
A2: 18 | B2: Female | C2: 15.96 | D2: 0 | E2: Yes | F2: Southwest | G2: 1121.8739 | H2: {=_xlfn.IFS(A2<=30, "Youth", A2<=50, "Adult", A2>50, "Older")} -> Youth | I2: {=_xlfn.IFS(A2<=25,"18-25",A2<=35,"26-35",A2<=45,"36-45",A2<=60,"46-60",A2>60,"60+")} -> 18-25 | J2: {=_xlfn.IFS(C2<18.5,"Underweight",C2<25,"Normal",C2<30,"Overweight",C2>=30,"Obese")} -> Underweight | K2: {=_xlfn.IFS(G2<10000, "Low", G2<=25000, "Medium", G2>25000, "High")} -> Low
A3: 18 | B3: Male | C3: 16.815 | D3: 0 | E3: No | F3: Southeast | G3: 1131.5066 | H3: {=_xlfn.IFS(A3<=30, "Youth", A3<=50, "Adult", A3>50, "Older")} -> Youth | I3: {=_xlfn.IFS(A3<=25,"18-25",A3<=35,"26-35",A3<=45,"36-45",A3<=60,"46-60",A3>60,"60+")} -> 18-25 | J3: {=_xlfn.IFS(C3<18.5,"Underweight",C3<25,"Normal",C3<30,"Overweight",C3>=30,"Obese")} -> Underweight | K3: {=_xlfn.IFS(G3<10000, "Low", G3<=25000, "Medium", G3>25000, "High")} -> Low
A4: 18 | B4: Male | C4: 16.815 | D4: 0 | E4: No | F4: Southeast | G4: 1135.9407 | H4: {=_xlfn.IFS(A4<=30, "Youth", A4<=50, "Adult", A4>50, "Older")} -> Youth | I4: {=_xlfn.IFS(A4<=25,"18-25",A4<=35,"26-35",A4<=45,"36-45",A4<=60,"46-60",A4>60,"60+")} -> 18-25 | J4: {=_xlfn.IFS(C4<18.5,"Underweight",C4<25,"Normal",C4<30,"Overweight",C4>=30,"Obese")} -> Underweight | K4: {=_xlfn.IFS(G4<10000, "Low", G4<=25000, "Medium", G4>25000, "High")} -> Low
A5: 18 | B5: Male | C5: 17.195 | D5: 0 | E5: No | F5: Northwest | G5: 1136.3994 | H5: {=_xlfn.IFS(A5<=30, "Youth", A5<=50, "Adult", A5>50, "Older")} -> Youth | I5: {=_xlfn.IFS(A5<=25,"18-25",A5<=35,"26-35",A5<=45,"36-45",A5<=60,"46-60",A5>60,"60+")} -> 18-25 | J5: {=_xlfn.IFS(C5<18.5,"Underweight",C5<25,"Normal",C5<30,"Overweight",C5>=30,"Obese")} -> Underweight | K5: {=_xlfn.IFS(G5<10000, "Low", G5<=25000, "Medium", G5>25000, "High")} -> Low
A6: 18 | B6: Male | C6: 17.29 | D6: 0 | E6: No | F6: Northwest | G6: 1137.011 | H6: {=_xlfn.IFS(A6<=30, "Youth", A6<=50, "Adult", A6>50, "Older")} -> Youth | I6: {=_xlfn.IFS(A6<=25,"18-25",A6<=35,"26-35",A6<=45,"36-45",A6<=60,"46-60",A6>60,"60+")} -> 18-25 | J6: {=_xlfn.IFS(C6<18.5,"Underweight",C6<25,"Normal",C6<30,"Overweight",C6>=30,"Obese")} -> Underweight | K6: {=_xlfn.IFS(G6<10000, "Low", G6<=25000, "Medium", G6>25000, "High")} -> Low
A7: 18 | B7: Female | C7: 17.29 | D7: 0 | E7: No | F7: Southeast | G7: 1137.4697 | H7: {=_xlfn.IFS(A7<=30, "Youth", A7<=50, "Adult", A7>50, "Older")} -> Youth | I7: {=_xlfn.IFS(A7<=25,"18-25",A7<=35,"26-35",A7<=45,"36-45",A7<=60,"46-60",A7>60,"60+")} -> 18-25 | J7: {=_xlfn.IFS(C7<18.5,"Underweight",C7<25,"Normal",C7<30,"Overweight",C7>=30,"Obese")} -> Underweight | K7: {=_xlfn.IFS(G7<10000, "Low", G7<=25000, "Medium", G7>25000, "High")} -> Low
A8: 18 | B8: Female | C8: 17.29 | D8: 0 | E8: No | F8: Southeast | G8: 1141.4451 | H8: {=_xlfn.IFS(A8<=30, "Youth", A8<=50, "Adult", A8>50, "Older")} -> Youth | I8: {=_xlfn.IFS(A8<=25,"18-25",A8<=35,"26-35",A8<=45,"36-45",A8<=60,"46-60",A8>60,"60+")} -> 18-25 | J8: {=_xlfn.IFS(C8<18.5,"Underweight",C8<25,"Normal",C8<30,"Overweight",C8>=30,"Obese")} -> Underweight | K8: {=_xlfn.IFS(G8<10000, "Low", G8<=25000, "Medium", G8>25000, "High")} -> Low
A9: 18 | B9: Female | C9: 17.385 | D9: 0 | E9: No | F9: Northwest | G9: 1146.7966 | H9: {=_xlfn.IFS(A9<=30, "Youth", A9<=50, "Adult", A9>50, "Older")} -> Youth | I9: {=_xlfn.IFS(A9<=25,"18-25",A9<=35,"26-35",A9<=45,"36-45",A9<=60,"46-60",A9>60,"60+")} -> 18-25 | J9: {=_xlfn.IFS(C9<18.5,"Underweight",C9<25,"Normal",C9<30,"Overweight",C9>=30,"Obese")} -> Underweight | K9: {=_xlfn.IFS(G9<10000, "Low", G9<=25000, "Medium", G9>25000, "High")} -> Low
A10: 18 | B10: Male | C10: 17.4 | D10: 0 | E10: No | F10: Northeast | G10: 1149.3959 | H10: {=_xlfn.IFS(A10<=30, "Youth", A10<=50, "Adult", A10>50, "Older")} -> Youth | I10: {=_xlfn.IFS(A10<=25,"18-25",A10<=35,"26-35",A10<=45,"36-45",A10<=60,"46-60",A10>60,"60+")} -> 18-25 | J10: {=_xlfn.IFS(C10<18.5,"Underweight",C10<25,"Normal",C10<30,"Overweight",C10>=30,"Obese")} -> Underweight | K10: {=_xlfn.IFS(G10<10000, "Low", G10<=25000, "Medium", G10>25000, "High")} -> Low
A11: 18 | B11: Female | C11: 17.48 | D11: 0 | E11: No | F11: Northwest | G11: 1163.4627 | H11: {=_xlfn.IFS(A11<=30, "Youth", A11<=50, "Adult", A11>50, "Older")} -> Youth | I11: {=_xlfn.IFS(A11<=25,"18-25",A11<=35,"26-35",A11<=45,"36-45",A11<=60,"46-60",A11>60,"60+")} -> 18-25 | J11: {=_xlfn.IFS(C11<18.5,"Underweight",C11<25,"Normal",C11<30,"Overweight",C11>=30,"Obese")} -> Underweight | K11: {=_xlfn.IFS(G11<10000, "Low", G11<=25000, "Medium", G11>25000, "High")} -> Low
A12: 18 | B12: Male | C12: 17.67 | D12: 0 | E12: No | F12: Northeast | G12: 1241.565 | H12: {=_xlfn.IFS(A12<=30, "Youth", A12<=50, "Adult", A12>50, "Older")} -> Youth | I12: {=_xlfn.IFS(A12<=25,"18-25",A12<=35,"26-35",A12<=45,"36-45",A12<=60,"46-60",A12>60,"60+")} -> 18-25 | J12: {=_xlfn.IFS(C12<18.5,"Underweight",C12<25,"Normal",C12<30,"Overweight",C12>=30,"Obese")} -> Underweight | K12: {=_xlfn.IFS(G12<10000, "Low", G12<=25000, "Medium", G12>25000, "High")} -> Low
A13: 18 | B13: Female | C13: 17.765 | D13: 0 | E13: Yes | F13: Southeast | G13: 1242.26 | H13: {=_xlfn.IFS(A13<=30, "Youth", A13<=50, "Adult", A13>50, "Older")} -> Youth | I13: {=_xlfn.IFS(A13<=25,"18-25",A13<=35,"26-35",A13<=45,"36-45",A13<=60,"46-60",A13>60,"60+")} -> 18-25 | J13: {=_xlfn.IFS(C13<18.5,"Underweight",C13<25,"Normal",C13<30,"Overweight",C13>=30,"Obese")} -> Underweight | K13: {=_xlfn.IFS(G13<10000, "Low", G13<=25000, "Medium", G13>25000, "High")} -> Low
... A1338: 64 | B1338: Female | C1338: 53.13 | D1338: 5 | E1338: Yes | F1338: Northwest | G1338: 63770.428 | H1338: {=_xlfn.IFS(A1338<=30, "Youth", A1338<=50, "Adult", A1338>50, "Older")} -> Older | I1338: {=_xlfn.IFS(A1338<=25,"18-25",A1338<=35,"26-35",A1338<=45,"36-45",A1338<=60,"46-60",A1338>60,"60+")} -> 60+ | J1338: {=_xlfn.IFS(C1338<18.5,"Underweight",C1338<25,"Normal",C1338<30,"Overweight",C1338>=30,"Obese")} -> Obese | K1338: {=_xlfn.IFS(G1338<10000, "Low", G1338<=25000, "Medium", G1338>25000, "High")} -> High

Sheet insurance
A1: age | B1: sex | C1: bmi | D1: children | E1: smoker | F1: region | G1: charges | H1: Age group(Broad) | I1: Age Group (Detailed) | J1: BMI category | K1: Charge Band
A2: 18 | B2: Female | C2: 15.96 | D2: 0 | E2: Yes | F2: Southwest | G2: 1121.8739 | H2: {=_xlfn.IFS(A2<=30, "Youth", A2<=50, "Adult", A2>50, "Older")} -> Youth | I2: {=_xlfn.IFS(A2<=25,"18-25",A2<=35,"26-35",A2<=45,"36-45",A2<=60,"46-60",A2>60,"60+")} -> 18-25 | J2: {=_xlfn.IFS(C2<18.5,"Underweight",C2<25,"Normal",C2<30,"Overweight",C2>=30,"Obese")} -> Underweight | K2: {=_xlfn.IFS(G2<10000, "Low", G2<=25000, "Medium", G2>25000, "High")} -> Low
A3: 18 | B3: Male | C3: 16.815 | D3: 0 | E3: No | F3: Southeast | G3: 1131.5066 | H3: {=_xlfn.IFS(A3<=30, "Youth", A3<=50, "Adult", A3>50, "Older")} -> Youth | I3: {=_xlfn.IFS(A3<=25,"18-25",A3<=35,"26-35",A3<=45,"36-45",A3<=60,"46-60",A3>60,"60+")} -> 18-25 | J3: {=_xlfn.IFS(C3<18.5,"Underweight",C3<25,"Normal",C3<30,"Overweight",C3>=30,"Obese")} -> Underweight | K3: {=_xlfn.IFS(G3<10000, "Low", G3<=25000, "Medium", G3>25000, "High")} -> Low
A4: 18 | B4: Male | C4: 16.815 | D4: 0 | E4: No | F4: Southeast | G4: 1135.9407 | H4: {=_xlfn.IFS(A4<=30, "Youth", A4<=50, "Adult", A4>50, "Older")} -> Youth | I4: {=_xlfn.IFS(A4<=25,"18-25",A4<=35,"26-35",A4<=45,"36-45",A4<=60,"46-60",A4>60,"60+")} -> 18-25 | J4: {=_xlfn.IFS(C4<18.5,"Underweight",C4<25,"Normal",C4<30,"Overweight",C4>=30,"Obese")} -> Underweight | K4: {=_xlfn.IFS(G4<10000, "Low", G4<=25000, "Medium", G4>25000, "High")} -> Low
A5: 18 | B5: Male | C5: 17.195 | D5: 0 | E5: No | F5: Northwest | G5: 1136.3994 | H5: {=_xlfn.IFS(A5<=30, "Youth", A5<=50, "Adult", A5>50, "Older")} -> Youth | I5: {=_xlfn.IFS(A5<=25,"18-25",A5<=35,"26-35",A5<=45,"36-45",A5<=60,"46-60",A5>60,"60+")} -> 18-25 | J5: {=_xlfn.IFS(C5<18.5,"Underweight",C5<25,"Normal",C5<30,"Overweight",C5>=30,"Obese")} -> Underweight | K5: {=_xlfn.IFS(G5<10000, "Low", G5<=25000, "Medium", G5>25000, "High")} -> Low
A6: 18 | B6: Male | C6: 17.29 | D6: 0 | E6: No | F6: Northwest | G6: 1137.011 | H6: {=_xlfn.IFS(A6<=30, "Youth", A6<=50, "Adult", A6>50, "Older")} -> Youth | I6: {=_xlfn.IFS(A6<=25,"18-25",A6<=35,"26-35",A6<=45,"36-45",A6<=60,"46-60",A6>60,"60+")} -> 18-25 | J6: {=_xlfn.IFS(C6<18.5,"Underweight",C6<25,"Normal",C6<30,"Overweight",C6>=30,"Obese")} -> Underweight | K6: {=_xlfn.IFS(G6<10000, "Low", G6<=25000, "Medium", G6>25000, "High")} -> Low
A7: 18 | B7: Female | C7: 17.29 | D7: 0 | E7: No | F7: Southeast | G7: 1137.4697 | H7: {=_xlfn.IFS(A7<=30, "Youth", A7<=50, "Adult", A7>50, "Older")} -> Youth | I7: {=_xlfn.IFS(A7<=25,"18-25",A7<=35,"26-35",A7<=45,"36-45",A7<=60,"46-60",A7>60,"60+")} -> 18-25 | J7: {=_xlfn.IFS(C7<18.5,"Underweight",C7<25,"Normal",C7<30,"Overweight",C7>=30,"Obese")} -> Underweight | K7: {=_xlfn.IFS(G7<10000, "Low", G7<=25000, "Medium", G7>25000, "High")} -> Low
A8: 18 | B8: Female | C8: 17.29 | D8: 0 | E8: No | F8: Southeast | G8: 1141.4451 | H8: {=_xlfn.IFS(A8<=30, "Youth", A8<=50, "Adult", A8>50, "Older")} -> Youth | I8: {=_xlfn.IFS(A8<=25,"18-25",A8<=35,"26-35",A8<=45,"36-45",A8<=60,"46-60",A8>60,"60+")} -> 18-25 | J8: {=_xlfn.IFS(C8<18.5,"Underweight",C8<25,"Normal",C8<30,"Overweight",C8>=30,"Obese")} -> Underweight | K8: {=_xlfn.IFS(G8<10000, "Low", G8<=25000, "Medium", G8>25000, "High")} -> Low
A9: 18 | B9: Female | C9: 17.385 | D9: 0 | E9: No | F9: Northwest | G9: 1146.7966 | H9: {=_xlfn.IFS(A9<=30, "Youth", A9<=50, "Adult", A9>50, "Older")} -> Youth | I9: {=_xlfn.IFS(A9<=25,"18-25",A9<=35,"26-35",A9<=45,"36-45",A9<=60,"46-60",A9>60,"60+")} -> 18-25 | J9: {=_xlfn.IFS(C9<18.5,"Underweight",C9<25,"Normal",C9<30,"Overweight",C9>=30,"Obese")} -> Underweight | K9: {=_xlfn.IFS(G9<10000, "Low", G9<=25000, "Medium", G9>25000, "High")} -> Low
A10: 18 | B10: Male | C10: 17.4 | D10: 0 | E10: No | F10: Northeast | G10: 1149.3959 | H10: {=_xlfn.IFS(A10<=30, "Youth", A10<=50, "Adult", A10>50, "Older")} -> Youth | I10: {=_xlfn.IFS(A10<=25,"18-25",A10<=35,"26-35",A10<=45,"36-45",A10<=60,"46-60",A10>60,"60+")} -> 18-25 | J10: {=_xlfn.IFS(C10<18.5,"Underweight",C10<25,"Normal",C10<30,"Overweight",C10>=30,"Obese")} -> Underweight | K10: {=_xlfn.IFS(G10<10000, "Low", G10<=25000, "Medium", G10>25000, "High")} -> Low
A11: 18 | B11: Female | C11: 17.48 | D11: 0 | E11: No | F11: Northwest | G11: 1163.4627 | H11: {=_xlfn.IFS(A11<=30, "Youth", A11<=50, "Adult", A11>50, "Older")} -> Youth | I11: {=_xlfn.IFS(A11<=25,"18-25",A11<=35,"26-35",A11<=45,"36-45",A11<=60,"46-60",A11>60,"60+")} -> 18-25 | J11: {=_xlfn.IFS(C11<18.5,"Underweight",C11<25,"Normal",C11<30,"Overweight",C11>=30,"Obese")} -> Underweight | K11: {=_xlfn.IFS(G11<10000, "Low", G11<=25000, "Medium", G11>25000, "High")} -> Low
A12: 18 | B12: Male | C12: 17.67 | D12: 0 | E12: No | F12: Northeast | G12: 1241.565 | H12: {=_xlfn.IFS(A12<=30, "Youth", A12<=50, "Adult", A12>50, "Older")} -> Youth | I12: {=_xlfn.IFS(A12<=25,"18-25",A12<=35,"26-35",A12<=45,"36-45",A12<=60,"46-60",A12>60,"60+")} -> 18-25 | J12: {=_xlfn.IFS(C12<18.5,"Underweight",C12<25,"Normal",C12<30,"Overweight",C12>=30,"Obese")} -> Underweight | K12: {=_xlfn.IFS(G12<10000, "Low", G12<=25000, "Medium", G12>25000, "High")} -> Low
A13: 18 | B13: Female | C13: 17.765 | D13: 0 | E13: Yes | F13: Southeast | G13: 1242.26 | H13: {=_xlfn.IFS(A13<=30, "Youth", A13<=50, "Adult", A13>50, "Older")} -> Youth | I13: {=_xlfn.IFS(A13<=25,"18-25",A13<=35,"26-35",A13<=45,"36-45",A13<=60,"46-60",A13>60,"60+")} -> 18-25 | J13: {=_xlfn.IFS(C13<18.5,"Underweight",C13<25,"Normal",C13<30,"Overweight",C13>=30,"Obese")} -> Underweight | K13: {=_xlfn.IFS(G13<10000, "Low", G13<=25000, "Medium", G13>25000, "High")} -> Low
... A1338: 64 | B1338: Female | C1338: 53.13 | D1338: 5 | E1338: Yes | F1338: Northwest | G1338: 63770.428 | H1338: {=_xlfn.IFS(A1338<=30, "Youth", A1338<=50, "Adult", A1338>50, "Older")} -> Older | I1338: {=_xlfn.IFS(A1338<=25,"18-25",A1338<=35,"26-35",A1338<=45,"36-45",A1338<=60,"46-60",A1338>60,"60+")} -> 60+ | J1338: {=_xlfn.IFS(C1338<18.5,"Underweight",C1338<25,"Normal",C1338<30,"Overweight",C1338>=30,"Obese")} -> Obese | K1338: {=_xlfn.IFS(G1338<10000, "Low", G1338<=25000, "Medium", G1338>25000, "High")} -> High

Sheet KPI and Pivot
A1: Summary | D1: Age group | E1: Average of charges
A2: KPI | B2: VALUES | D2: Adult | E2: 10134.491
A3: Total Members | B3: =COUNTA(insurance!G2:G1338) -> 1337 | D3: Older | E3: 30213.015
A4: Average Insurance Charge | B4: =AVERAGE(insurance!G2:G1338) -> 13279.121 | D4: Youth | E4: 3489.833
A5: Median Insurance Charge | B5: =MEDIAN(insurance!G2:G1338) -> 9386.1613 | D5: (blank)
A6: %smokers | B6: =COUNTIF(insurance!E2:E1338, "Yes")/COUNTA(insurance!E2:E1338) -> 0.20493642 | D6: Grand Total | E6: 13279.121
A7: Average Charge for smokers | B7: =AVERAGEIF(insurance!E2:E1338, "Yes", insurance!G2:G1338) -> 13861.7
A8: Average Charge for Non-Smokers | B8: =AVERAGEIF(insurance!E2:E1338, "No", insurance!G2:G1338) -> 13128.955 | D8: Sex | E8: Average of charges
A9: Min Charge | B9: =MIN(insurance!G2:G1338) -> 1121.8739 | D9: Female | E9: 13379.529
A10: Max Charge | B10: =MAX(insurance!G2:G1338) -> 63770.428 | D10: Male | E10: 13180.648
A11: Average BMI | B11: =AVERAGE(insurance!C2:C1338) -> 30.663452 | D11: (blank)
A12: Average Charges by Region | B12: 13279.121 | D12: Grand Total | E12: 13279.121
A14: Region | B14: Average of charges | D14: Children | E14: Average of charges
A15: Northwest | B15: 13866.553 | D15: 0 | E15: 4302.3583
A16: Southwest | B16: 13468.228 | D16: 1 | E16: 10406.181
A17: Northeast | B17: 13109.351 | D17: 2 | E17: 17823.686
A18: Southeast | B18: 12738.513 | D18: 3 | E18: 35332.852
A19: (blank) | D19: 4 | E19: 46153.636
A20: Grand Total | B20: 13279.121 | D20: 5 | E20: 52141.559
A21: smokers | B21: Average of charges | D21: Grand Total | E21: 13279.121
A22: No | B22: 13128.955
A23: Yes | B23: 13861.7 | D23: BMI category | E23: Average of charges
A24: (blank) | D24: Obese | E24: 20964.188
A25: Grand Total | B25: 13279.121 | D25: Overweight | E25: 6162.7317
D26: Normal | E26: 2447.0474
D27: Underweight | E27: 1203.4332
D28: Grand Total | E28: 13279.121

Sheet Data Cleaning log
A1: Column / Sheet | B1: Issue Found | C1: Action Taken
A2: Entire dataset | B2: 1 fully duplicated row | C2: Removed duplicate row; total records reduced from 1338 to 1337
A3: smoker | B3: Values standardized | C3: Cleaned to Yes / No format
A4: sex | B4: Text formatting checked | C4: Standardized text values
A5: age | B5: Range checked | C5: No unrealistic values found
A6: bmi | B6: Range checked | C6: No missing or extreme invalid values found
A7: children | B7: Whole-number check | C7: Verified integer values only
A8: charges | B8: Number format checked | C8: Formatted as currency

Sheet Data visualiation
B1: HEALTHCARE INSURANCE ANALYSIS DASHBOARD
B4: TOTAL MEMBERS | D4: AVERAGE INSURANCE CHARGES | F4: MEDIAN INSURANCE CHARGE | H4: % SMOKERS
B5: ='KPI and Pivot'!B3 -> 1337 | D5: ='KPI and Pivot'!B12 -> 13279.121 | F5: ='KPI and Pivot'!B5 -> 9386.1613 | H5: ='KPI and Pivot'!B6 -> 0.20493642
